id_componente;descripcion;familia;peso_g;proveedor;idioma;caso_dificil;motivo_dificultad
CMP-1000;BOT. PET TRANSP. 1.25L 38.2G;PET;38.2;PROV_B;ES;False;
CMP-1001;BRICK CARTON/PE/ALU 1L 28G;COMPLEJO_ALU;28.0;PROV_D;ES;True;Contiene 'CARTON' pero es envase complejo
CMP-1002;BOLSA PE BAJA DENSIDAD 20µ;PEBD;56.3;PROV_A;ES;False;
CMP-1003;TARRINA PP 200G 0,0108KG;PP;10.8;PROV_B;ES;False;
CMP-1004;PREFORMA PET 37.7G CUELLO PCO1881;PET;37.7;PROV_E;ES;False;
CMP-1005;BOLSA PE RECICLADO 30% PCR 60MIC 18G;PEBD;18.0;PROV_D;ES;True;Porcentaje de reciclado puede confundirse con peso
CMP-1006;FILM ESTIRABLE PE 20 MIC PALET;PEBD;48.1;PROV_B;ES;False;
CMP-1007;TAPON CORONA ALUMINIO 26MM 1,9G;ALUMINIO;1.9;PROV_F;ES;True;Tapón corona normalmente acero, aquí aluminio
CMP-1008;SNACK BAG OPP/MOPP 40G 2.4G;PLASTICO_MULTICAPA;2.4;PROV_C;EN;False;
CMP-1009;CAN BODY ALU 330ML 12.4G;ALUMINIO;12.4;PROV_B;EN;False;
CMP-1010;LATA HOJALATA 500G 59G;ACERO;59.0;PROV_E;ES;False;
CMP-1011;BOLSA PATATA 160G LAMINADO PLASTICO 10,9 g;PLASTICO_MULTICAPA;10.9;PROV_F;ES;False;
CMP-1012;BANDEJA CARTON 24 LATAS 104,8GR;PAPEL_CARTON;104.8;PROV_C;ES;False;
CMP-1013;BOTELLA VIDRIO 33CL;VIDRIO;188.2;PROV_C;ES;False;
CMP-1014;ENVASE COMPUESTO CARTON+ALU TUBO 22G;COMPLEJO_ALU;22.0;PROV_B;ES;True;Lata compuesta: cartón + aluminio
CMP-1015;WRAP LABEL BOPP 50CL 1.2G;PP;1.2;PROV_E;EN;False;
CMP-1016;BANDEJA PP TERMOF. 19,9G;PP;19.9;PROV_B;ES;False;
CMP-1017;CAJA CARTON ONDULADO 12X150G 267 g;PAPEL_CARTON;267.0;PROV_B;ES;False;
CMP-1018;BANDEJA ALUMINIO 13,1G;ALUMINIO;13.1;PROV_E;ES;False;
CMP-1019;LATA ALUMINIO 50CL 14,2G;ALUMINIO;14.2;PROV_C;ES;False;
CMP-1020;TAPON CORONA 26MM 2,2G;ACERO;2.2;PROV_D;ES;False;
CMP-1021;CARTÖN ONDULADO CAJA 0,25 KG;PAPEL_CARTON;250.0;PROV_E;ES;True;Error de codificación (Ö) y peso en kg con espacio
CMP-1022;SNACK BAG OPP/MOPP 40G 3.1G;PLASTICO_MULTICAPA;3.1;PROV_D;EN;False;
CMP-1023;LID FOIL ALU/PET 0.7G;COMPLEJO_ALU;0.7;PROV_F;EN;False;
CMP-1024;LATA HOJALATA 500G;ACERO;55.0;PROV_F;ES;False;
CMP-1025;LATA ALUMINIO SLEEK 33CL 9,6 g;ALUMINIO;9.6;PROV_D;ES;False;
CMP-1026;BOTELLA PET 2L 34.2G;PET;34.2;PROV_E;ES;False;
CMP-1027;TAPON PP C/LINER ALU 2,3G;PP;2.3;PROV_C;ES;True;"Material mayoritario PP; el liner de aluminio es minoritario"
CMP-1028;CAJA CARTON 0,3571KG;PAPEL_CARTON;357.1;PROV_B;ES;False;
CMP-1029;SOBRE PAPEL/ALU/PE 1,9G;COMPLEJO_ALU;1.9;PROV_F;ES;False;
CMP-1030;BANDEJA PP TERMOF. 14,7GR;PP;14.7;PROV_B;ES;False;
CMP-1031;OPERCULO ALU/PP 99MM;COMPLEJO_ALU;0.7;PROV_D;ES;False;
CMP-1032;SOBRE PAPEL/ALU/PE 1,4 g;COMPLEJO_ALU;1.4;PROV_B;ES;False;
CMP-1033;TAPON PEAD 28MM 1,8 g;PEAD;1.8;PROV_F;ES;False;
CMP-1034;DISPLAY CARTON PLV 490,9GR;PAPEL_CARTON;490.9;PROV_D;ES;False;
CMP-1035;CAP HDPE 1881 RED 2.4G;PEAD;2.4;PROV_D;EN;False;
CMP-1036;BOTELLA PET 25% RPET 33CL 22.6G;PET;22.6;PROV_F;ES;False;
CMP-1037;BANDEJA ALUMINIO;ALUMINIO;12.5;PROV_F;ES;False;
CMP-1038;CAJA CARTON ONDULADO 12X150G;PAPEL_CARTON;299.9;PROV_E;ES;False;
CMP-1039;MEMBRANA PET/ALU/PE TERMOSELLABLE;COMPLEJO_ALU;0.9;PROV_E;ES;False;
CMP-1040;STRETCH FILM LDPE 20MY;PEBD;73.6;PROV_E;EN;False;
CMP-1041;GARRAFA PET 5L AZUL 0,088KG;PET;88.0;PROV_F;ES;False;
CMP-1042;OPERCULO ALU/PP 99MM 1,1GR;COMPLEJO_ALU;1.1;PROV_D;ES;False;
CMP-1043;BOLSA SNACK BOPP/BOPP MET 0,0062KG;PLASTICO_MULTICAPA;6.2;PROV_D;ES;False;
CMP-1044;ETIQUETA BOPP BLANCA 1,5L 0,9G;PP;0.9;PROV_E;ES;False;
CMP-1045;TAPA PELABLE ALU+PE 2,2GR;COMPLEJO_ALU;2.2;PROV_C;ES;False;
CMP-1046;SNACK BAG OPP/MOPP 40G 2.1G;PLASTICO_MULTICAPA;2.1;PROV_C;EN;False;
CMP-1047;TAMPA PEAD 28MM 2,4G;PEAD;2.4;PROV_A;PT;False;
CMP-1048;FILME RETRATIL PEBD 20MIC;PEBD;28.3;PROV_E;PT;False;
CMP-1049;CAN BODY ALU 330ML 10.5G;ALUMINIO;10.5;PROV_A;EN;False;
CMP-1050;GLASS BOTTLE 275ML 206G;VIDRIO;206.0;PROV_A;EN;False;
CMP-1051;TAMPA PEAD 28MM 3G;PEAD;3.0;PROV_E;PT;False;
CMP-1052;CAN BODY ALU 330ML 12.8G;ALUMINIO;12.8;PROV_A;EN;False;
CMP-1053;CAIXA CARTAO CANELADO 0,3032KG;PAPEL_CARTON;303.2;PROV_D;PT;False;
CMP-1054;FILM BOPP METALIZADO 20MIC 5,2G;PLASTICO_MULTICAPA;5.2;PROV_A;ES;True;Metalizado: aluminio depositado al vacío, criterio interno = multicapa plástico
CMP-1055;LAMINA ALUMINIO 9MIC;ALUMINIO;0.9;PROV_E;ES;False;
CMP-1056;CORRUGATED CASE 24X33CL 323.2G;PAPEL_CARTON;323.2;PROV_C;EN;False;
CMP-1057;BOT. VIDRIO EXTRA BLANCO 1L 541,2 g;VIDRIO;541.2;PROV_A;ES;False;
CMP-1058;BANDEJA PP TERMOF.;PP;10.1;PROV_E;ES;False;
CMP-1059;BOTELLA PET 25% RPET 1,5L 21G;PET;21.0;PROV_E;ES;False;
CMP-1060;SNACK BAG OPP/MOPP 40G 3G;PLASTICO_MULTICAPA;3.0;PROV_A;EN;False;
CMP-1061;CHAPA ACERO TAPON CORONA;ACERO;2.3;PROV_A;ES;False;
CMP-1062;TAPON HDPE 38MM BLANCO 4G;PEAD;4.0;PROV_E;ES;False;
CMP-1063;CAN BODY ALU 330ML 9.7G;ALUMINIO;9.7;PROV_D;EN;False;
CMP-1064;LAMINADO OPP/MET-OPP 150G PATATA 6,2GR;PLASTICO_MULTICAPA;6.2;PROV_A;ES;False;
CMP-1065;GARRAFA PEAD 5L 153,8GR;PEAD;153.8;PROV_E;ES;False;
CMP-1066;CORRUGATED CASE 24X33CL 291.2G;PAPEL_CARTON;291.2;PROV_A;EN;False;
CMP-1067;ETIQUETA ENVOLVENTE 1,5L;PP;1.6;PROV_F;ES;True;No menciona material ni peso
CMP-1068;PREFORMA 23,5G 28MM;PET;23.5;PROV_E;ES;True;"Sin material explícito; '28MM' es diámetro, no peso"
CMP-1069;SHRINK FILM LDPE 25MY 6X1,5L 62G;PEBD;62.0;PROV_F;EN;False;
CMP-1070;BOTELLA PET 25% RPET 500ML;PET;22.8;PROV_E;ES;False;
CMP-1071;BOT. PET TRANSP. 500ML 26,5GR;PET;26.5;PROV_F;ES;False;
CMP-1072;BANDEJA ALUMINIO 7,8G;ALUMINIO;7.8;PROV_A;ES;False;
CMP-1073;GLASS BOTTLE 275ML 211.4G;VIDRIO;211.4;PROV_F;EN;False;
CMP-1074;BOLSA ALU-FREE OPP/PE 6,4G;PLASTICO_MULTICAPA;6.4;PROV_D;EN;True;Negación en inglés ('ALU-FREE')
CMP-1075;SACO LAMINADO PET/PE TORTILLA 5,3G;PLASTICO_MULTICAPA;5.3;PROV_B;ES;False;
CMP-1076;TARRINA PP 200G 8.5G;PP;8.5;PROV_F;ES;False;
CMP-1077;BANDEJA PP TERMOF. 0,0189KG;PP;18.9;PROV_A;ES;False;
CMP-1078;CAP HDPE 1881 RED 1.7G;PEAD;1.7;PROV_B;EN;False;
CMP-1079;BOLSA COEX PE/EVOH/PE;PLASTICO_MULTICAPA;3.1;PROV_C;ES;False;
CMP-1080;BOLSA PE BAJA DENSIDAD 50µ 27.8G;PEBD;27.8;PROV_D;ES;False;
CMP-1081;STRETCH FILM LDPE 23MY;PEBD;19.5;PROV_A;EN;False;
CMP-1082;GLASS BOTTLE 275ML 195.7G;VIDRIO;195.7;PROV_C;EN;False;
CMP-1083;BOLSA SNACK BOPP/BOPP MET;PLASTICO_MULTICAPA;8.7;PROV_C;ES;False;
CMP-1084;BOTELLA PET 50CL;PET;36.2;PROV_D;ES;False;
CMP-1085;BOTELLA VIDRIO 33CL 220,5GR;VIDRIO;220.5;PROV_A;ES;False;
CMP-1086;FLEJE ACERO PALET 183,3G;ACERO;183.3;PROV_F;ES;False;
CMP-1087;ETIQUETA BOPP BLANCA 1,5L 0,0013KG;PP;1.3;PROV_A;ES;False;
CMP-1088;GLASS BOTTLE 275ML 210.6G;VIDRIO;210.6;PROV_D;EN;False;
CMP-1089;CAN BODY ALU 330ML 10.1G;ALUMINIO;10.1;PROV_C;EN;False;
CMP-1090;BOT. PET TRANSP. 50CL;PET;24.7;PROV_C;ES;False;
CMP-1091;LATA ALUMINIO SLEEK 33CL 12,4G;ALUMINIO;12.4;PROV_C;ES;False;
CMP-1092;LAMINADO OPP/MET-OPP 150G PATATA;PLASTICO_MULTICAPA;9.4;PROV_C;ES;False;
CMP-1093;OPERCULO ALU/PP 99MM 0,0009KG;COMPLEJO_ALU;0.9;PROV_E;ES;False;
CMP-1094;MEMBRANA PET/ALU/PE TERMOSELLABLE 0,5G;COMPLEJO_ALU;0.5;PROV_E;ES;False;
CMP-1095;CAP HDPE 1881 RED 2G;PEAD;2.0;PROV_B;EN;False;
CMP-1096;PET BOTTLE 33CL CLEAR 18.8G;PET;18.8;PROV_B;EN;False;
CMP-1097;FILME RETRATIL PEBD 23MIC;PEBD;20.5;PROV_A;PT;False;
CMP-1098;SHRINK FILM LDPE 60MY 6X1,5L 63.2G;PEBD;63.2;PROV_F;EN;False;
CMP-1099;SNACK BAG OPP/MOPP 40G 2.3G;PLASTICO_MULTICAPA;2.3;PROV_C;EN;False;
CMP-1100;ESTUCHE CARTONCILLO CEREAL 375G;PAPEL_CARTON;58.2;PROV_F;ES;False;
CMP-1101;STANDUP POUCH PET/ALU/PE 8,5G;COMPLEJO_ALU;8.5;PROV_D;EN;True;Inglés + contiene 'PET' y 'PE'
CMP-1102;SHRINK FILM LDPE 23MY 6X1,5L 87.5G;PEBD;87.5;PROV_D;EN;False;
CMP-1103;SACO LAMINADO PET/PE TORTILLA;PLASTICO_MULTICAPA;6.1;PROV_B;ES;False;
CMP-1104;DISPLAY CARTON PLV;PAPEL_CARTON;749.7;PROV_C;ES;False;
CMP-1105;BOLSA PE BAJA DENSIDAD 60µ 84,2 g;PEBD;84.2;PROV_C;ES;False;
CMP-1106;CAJA CARTON 0,4111KG;PAPEL_CARTON;411.1;PROV_B;ES;False;
CMP-1107;STRETCH FILM LDPE 40MY;PEBD;30.8;PROV_F;EN;False;
CMP-1108;ESTUCHE CARTONCILLO CEREAL 375G 0,0694KG;PAPEL_CARTON;69.4;PROV_A;ES;False;
CMP-1109;FILM BOPP TRANSP 30MIC MONOMATERIAL;PP;4.2;PROV_C;ES;False;
CMP-1110;PREFORMA PET 36.5G CUELLO PCO1881;PET;36.5;PROV_D;ES;False;
CMP-1111;BOLSA PE BAJA DENSIDAD 50µ 74.3G;PEBD;74.3;PROV_E;ES;False;
CMP-1112;PREFORMA PET 26G CUELLO PCO1881;PET;26.0;PROV_C;ES;False;
CMP-1113;PREFORMA PET 34.1G CUELLO PCO1881;PET;34.1;PROV_A;ES;False;
CMP-1114;CAJA 12UD 33CL 180G;PAPEL_CARTON;180.0;PROV_F;ES;True;"No menciona material; '33CL' y '12UD' no son peso"
CMP-1115;FLEJE ACERO PALET;ACERO;204.7;PROV_F;ES;False;
CMP-1116;FLOWPACK PET/PE 45MIC 1.3G;PLASTICO_MULTICAPA;1.3;PROV_F;ES;False;
CMP-1117;BOTELLA PET 33CL 20,2GR;PET;20.2;PROV_C;ES;False;
CMP-1118;LATA ALUMINIO 50CL 0,0135KG;ALUMINIO;13.5;PROV_B;ES;False;
CMP-1119;LATA ALU 33CL;ALUMINIO;11.3;PROV_E;ES;False;
CMP-1120;CAJA CARTON ONDULADO 12X150G 320GR;PAPEL_CARTON;320.0;PROV_B;ES;False;
CMP-1121;BOT. PET TRANSP. 2L;PET;37.9;PROV_C;ES;False;
CMP-1122;BOT. PET TRANSP. 1.25L 28,9GR;PET;28.9;PROV_B;ES;False;
CMP-1123;FILM RETRACTIL PEBD 20MIC;PEBD;13.5;PROV_E;ES;False;
CMP-1124;TARRINA PP 200G 10.1G;PP;10.1;PROV_E;ES;False;
CMP-1125;ETIQUETA PAPEL METALIZADO 0,9G;PAPEL_CARTON;0.9;PROV_D;ES;True;'Metalizado' no cambia la familia: soporte papel
CMP-1126;SEPARADOR CARTON PALET 0,5715KG;PAPEL_CARTON;571.5;PROV_F;ES;False;
CMP-1127;TAPA PELABLE ALU+PE;COMPLEJO_ALU;1.4;PROV_B;ES;False;
CMP-1128;GARRAFA PET 5L AZUL 88,8 g;PET;88.8;PROV_F;ES;False;
CMP-1129;DISPLAY CARTON PLV 0,7347KG;PAPEL_CARTON;734.7;PROV_B;ES;False;
CMP-1130;FLEJE ACERO PALET 0,3576KG;ACERO;357.6;PROV_D;ES;False;
CMP-1131;TAPA 63MM BLANCA 4,8G;PP;4.8;PROV_D;ES;True;No menciona material: requiere contexto o ficha técnica
CMP-1132;TAPA PP ABATIBLE 4,1G;PP;4.1;PROV_E;ES;False;
CMP-1133;TAPON PE-HD SPORT;PEAD;4.5;PROV_A;ES;False;
CMP-1134;DISPLAY CARTON PLV 607,9 g;PAPEL_CARTON;607.9;PROV_D;ES;False;
CMP-1135;TAPON PE-HD SPORT 0,0038KG;PEAD;3.8;PROV_A;ES;False;
CMP-1136;CAJA CARTON 0,2659KG;PAPEL_CARTON;265.9;PROV_C;ES;False;
CMP-1137;CAIXA CARTAO CANELADO 171.6G;PAPEL_CARTON;171.6;PROV_C;PT;False;
CMP-1138;BANDEJA CARTON + FILM PE 45G;PAPEL_CARTON;45.0;PROV_E;ES;True;"Dos materiales separables; criterio: material mayoritario"
CMP-1139;OPERCULO ALU/PP 99MM 1,2G;COMPLEJO_ALU;1.2;PROV_D;ES;False;
CMP-1140;OPERCULO PAPEL/PE 0,6G;PAPEL_CARTON;0.6;PROV_D;ES;True;Opérculo sin aluminio: no es complejo con aluminio
CMP-1141;TAPA LATA ALU 202;ALUMINIO;2.7;PROV_E;ES;False;
CMP-1142;CAIXA CARTAO CANELADO 317G;PAPEL_CARTON;317.0;PROV_A;PT;False;
CMP-1143;TAPA LATA ACERO 202;ACERO;3.1;PROV_F;ES;True;Tapa de lata pero de acero, no aluminio
CMP-1144;BANDEJA PP TERMOF. 0,0124KG;PP;12.4;PROV_A;ES;False;
CMP-1145;TAMPA PEAD 28MM 3GR;PEAD;3.0;PROV_A;PT;False;
CMP-1146;BOTELLA PET 25% RPET 33CL;PET;24.3;PROV_D;ES;False;
CMP-1147;BOT. VIDR. 33CL 0,21KG;VIDRIO;210.0;PROV_C;ES;True;Abreviatura 'VIDR.' y peso en kg
CMP-1148;ETIQUETA BOPP BLANCA 1,5L 0,0014KG;PP;1.4;PROV_C;ES;False;
CMP-1149;LATA ALUMNIO 33CL 12,1G;ALUMINIO;12.1;PROV_E;ES;True;Errata en el material ('ALUMNIO')
CMP-1150;LAMINADO OPP/MET-OPP 150G PATATA 9.9G;PLASTICO_MULTICAPA;9.9;PROV_D;ES;False;
CMP-1151;OPERCULO ALU/PP 99MM 1,2GR;COMPLEJO_ALU;1.2;PROV_E;ES;False;
CMP-1152;SEPARADOR CARTON PALET 445,7G;PAPEL_CARTON;445.7;PROV_C;ES;False;
CMP-1153;PREFORMA PET 19.8G CUELLO PCO1881;PET;19.8;PROV_F;ES;False;
CMP-1154;BOLSA COEX PE/EVOH/PE 6,3G;PLASTICO_MULTICAPA;6.3;PROV_E;ES;False;
CMP-1155;FILM 23MIC TRANSP. PALETIZADO;PEBD;35.0;PROV_F;ES;True;"Sin material; '23MIC' es espesor, no peso"
CMP-1156;FLOWPACK PET/PE 45MIC 1,6 g;PLASTICO_MULTICAPA;1.6;PROV_F;ES;False;
CMP-1157;SEPARADOR CARTON PALET;PAPEL_CARTON;508.2;PROV_B;ES;False;
CMP-1158;PREFORMA PET 27.1G CUELLO PCO1881;PET;27.1;PROV_A;ES;False;
CMP-1159;TAPON HDPE 38MM BLANCO 3.5G;PEAD;3.5;PROV_A;ES;False;
CMP-1160;GLASS BOTTLE 275ML 217G;VIDRIO;217.0;PROV_C;EN;False;
CMP-1161;GARRAFA PEAD 5L;PEAD;146.0;PROV_E;ES;False;
CMP-1162;LID FOIL ALU/PET 1.2G;COMPLEJO_ALU;1.2;PROV_E;EN;False;
CMP-1163;CAJA CARTON ONDULADO 12X150G 285,6 g;PAPEL_CARTON;285.6;PROV_B;ES;False;
CMP-1164;BOLSA PE BAJA DENSIDAD 40µ 84G;PEBD;84.0;PROV_F;ES;False;
CMP-1165;TAPA PP ABATIBLE;PP;4.8;PROV_A;ES;False;
CMP-1166;FILME RETRATIL PEBD 60MIC;PEBD;89.6;PROV_D;PT;False;
CMP-1167;PREFORMA PET 27.9G CUELLO PCO1881;PET;27.9;PROV_B;ES;False;
CMP-1168;PET BOTTLE 2L CLEAR 23.3G;PET;23.3;PROV_C;EN;False;
CMP-1169;FILM RETRACTIL PEBD 20MIC 78,9 g;PEBD;78.9;PROV_D;ES;False;
CMP-1170;TAPA PP ABATIBLE 6.7G;PP;6.7;PROV_B;ES;False;
CMP-1171;GARRAFA PET 5L AZUL;PET;77.2;PROV_C;ES;False;
CMP-1172;CAIXA CARTAO CANELADO 196,9GR;PAPEL_CARTON;196.9;PROV_C;PT;False;
CMP-1173;FLEJE ACERO PALET 162,6 g;ACERO;162.6;PROV_A;ES;False;
CMP-1174;WRAP LABEL BOPP 50CL 0.6G;PP;0.6;PROV_F;EN;False;
CMP-1175;MEMBRANA SIN ALU PE/PET 1,1G;PLASTICO_MULTICAPA;1.1;PROV_D;ES;True;Negación: contiene 'ALU' pero el componente no lleva aluminio
CMP-1176;CAJA CARTON 0,1553KG;PAPEL_CARTON;155.3;PROV_B;ES;False;
CMP-1177;STRETCH FILM LDPE 50MY;PEBD;88.2;PROV_F;EN;False;
CMP-1178;BANDEJA ALUMINIO 0,0143KG;ALUMINIO;14.3;PROV_C;ES;False;
CMP-1179;SNACK BAG OPP/MOPP 40G 3.5G;PLASTICO_MULTICAPA;3.5;PROV_B;EN;False;
CMP-1180;TARRINA PP 200G 14.5G;PP;14.5;PROV_B;ES;False;
CMP-1181;BOTELLA PET 1,5L 37,3GR;PET;37.3;PROV_A;ES;False;
CMP-1182;SEPARADOR CARTON PALET 443,1GR;PAPEL_CARTON;443.1;PROV_C;ES;False;
CMP-1183;SACO LAMINADO PET/PE TORTILLA 10,1 g;PLASTICO_MULTICAPA;10.1;PROV_C;ES;False;
CMP-1184;LATA ALU 33CL 9,9G;ALUMINIO;9.9;PROV_C;ES;False;
CMP-1185;CAJA CARTON 0,4125KG;PAPEL_CARTON;412.5;PROV_F;ES;False;
CMP-1186;FILM BOPP TRANSP 30MIC MONOMATERIAL 4,9 g;PP;4.9;PROV_C;ES;False;
CMP-1187;CAP HDPE 1881 RED 2.8G;PEAD;2.8;PROV_F;EN;False;
CMP-1188;SLEEVE PETG RETRACTIL 50CL 2,1G;PET;2.1;PROV_B;ES;True;PETG: variante de PET con tratamiento distinto en reciclado
